{"cameraMode":{"drawMode":0,"name":"Shaded","section":"Shading Mode"},"sceneLighting":true,"audioPlay":false,"sceneViewState":{"showFog":true,"showMaterialUpdate":true,"showSkybox":true,"showFlares":true,"showImageEffects":true,"showParticleSystems":true},"in2DMode":false,"pivot":{"x":19.430620193481447,"y":4.216912269592285,"z":11.71335220336914},"rotation":{"x":0.06177053600549698,"y":-0.005676576402038336,"z":0.0003517906880006194,"w":0.9980742335319519},"size":60.9088134765625,"orthographic":false}