{"cameraMode":{"drawMode":0,"name":"Shaded","section":"Shading Mode"},"sceneLighting":true,"audioPlay":false,"sceneViewState":{"showFog":true,"showMaterialUpdate":true,"showSkybox":true,"showFlares":true,"showImageEffects":true,"showParticleSystems":true},"in2DMode":false,"pivot":{"x":16.80068588256836,"y":6.616228103637695,"z":4.559282302856445},"rotation":{"x":-0.03417733684182167,"y":0.016801992431282998,"z":0.0005750989075750113,"w":0.9992744326591492},"size":106.22647094726563,"orthographic":false}