{"cameraMode":{"drawMode":0,"name":"Shaded","section":"Shading Mode"},"sceneLighting":true,"audioPlay":false,"sceneViewState":{"showFog":true,"showMaterialUpdate":true,"showSkybox":true,"showFlares":true,"showImageEffects":true,"showParticleSystems":true},"in2DMode":false,"pivot":{"x":10.351187705993653,"y":2.347990036010742,"z":-19.92683982849121},"rotation":{"x":0.07042627781629563,"y":-0.020650167018175126,"z":-0.0014582526637241245,"w":-0.9973021745681763},"size":5.524295330047607,"orthographic":false}