{"cameraMode":{"drawMode":0,"name":"Shaded","section":"Shading Mode"},"sceneLighting":true,"audioPlay":false,"sceneViewState":{"showFog":true,"showMaterialUpdate":true,"showSkybox":true,"showFlares":true,"showImageEffects":true,"showParticleSystems":true},"in2DMode":false,"pivot":{"x":30.202695846557618,"y":2.1565284729003908,"z":-1.3000524044036866},"rotation":{"x":-0.01802903227508068,"y":-0.7153074145317078,"z":0.01846652664244175,"w":-0.698333203792572},"size":38.57392501831055,"orthographic":false}