{"cameraMode":{"drawMode":0,"name":"Shaded","section":"Shading Mode"},"sceneLighting":true,"audioPlay":false,"sceneViewState":{"showFog":true,"showMaterialUpdate":true,"showSkybox":true,"showFlares":true,"showImageEffects":true,"showParticleSystems":true},"in2DMode":false,"pivot":{"x":-0.6127799153327942,"y":-3.685817241668701,"z":11.041830062866211},"rotation":{"x":-0.18636365234851838,"y":-0.020338082686066629,"z":0.0038587558083236219,"w":-0.9822627902030945},"size":17.33279800415039,"orthographic":false}