{"cameraMode":{"drawMode":0,"name":"Shaded","section":"Shading Mode"},"sceneLighting":false,"audioPlay":false,"sceneViewState":{"showFog":true,"showMaterialUpdate":true,"showSkybox":false,"showFlares":true,"showImageEffects":true,"showParticleSystems":true},"in2DMode":false,"pivot":{"x":7.212994575500488,"y":2.800548791885376,"z":1.5587342977523804},"rotation":{"x":-0.11033083498477936,"y":-0.6308833956718445,"z":-0.09128004312515259,"w":0.7625492215156555},"size":9.65467357635498,"orthographic":false}