{"cameraMode":{"drawMode":0,"name":"Shaded","section":"Shading Mode"},"sceneLighting":true,"audioPlay":false,"sceneViewState":{"showFog":true,"showMaterialUpdate":true,"showSkybox":true,"showFlares":true,"showImageEffects":true,"showParticleSystems":true},"in2DMode":false,"pivot":{"x":5.584257125854492,"y":7.356203079223633,"z":3.4634628295898439},"rotation":{"x":0.005996619816869497,"y":0.031791701912879947,"z":0.00019077042816206813,"w":-0.9994765520095825},"size":27.920236587524415,"orthographic":false}