{"cameraMode":{"drawMode":0,"name":"Shaded","section":"Shading Mode"},"sceneLighting":true,"audioPlay":false,"sceneViewState":{"showFog":true,"showMaterialUpdate":true,"showSkybox":true,"showFlares":true,"showImageEffects":true,"showParticleSystems":true},"in2DMode":false,"pivot":{"x":1.9055159091949463,"y":2.0839128494262697,"z":-0.6097435355186462},"rotation":{"x":-0.006339180748909712,"y":0.7098298668861389,"z":-0.006388811860233545,"w":-0.704315721988678},"size":5.524295330047607,"orthographic":false}