{"cameraMode":{"drawMode":0,"name":"Shaded","section":"Shading Mode"},"sceneLighting":false,"audioPlay":false,"sceneViewState":{"showFog":true,"showMaterialUpdate":true,"showSkybox":false,"showFlares":true,"showImageEffects":true,"showParticleSystems":true},"in2DMode":false,"pivot":{"x":9.314668655395508,"y":0.7834606170654297,"z":-1.1293220520019532},"rotation":{"x":0.22647427022457124,"y":0.7315772175788879,"z":-0.2882307767868042,"w":0.5748280882835388},"size":7.890250205993652,"orthographic":false}